{"cameraMode":{"drawMode":0,"name":"Shaded","section":"Shading Mode"},"sceneLighting":true,"audioPlay":false,"sceneViewState":{"m_AlwaysRefresh":false,"showFog":true,"showSkybox":true,"showFlares":true,"showImageEffects":true,"showParticleSystems":true,"showVisualEffectGraphs":true,"m_FxEnabled":true},"in2DMode":false,"pivot":{"x":-108.87323760986328,"y":-30.591596603393556,"z":75.96126556396485},"rotation":{"x":-0.1679929494857788,"y":0.1075032651424408,"z":-0.018522081896662713,"w":-0.9798380136489868},"size":1.2360001802444459,"orthographic":false}