{"cameraMode":{"drawMode":0,"name":"Shaded","section":"Shading Mode"},"sceneLighting":true,"audioPlay":false,"sceneViewState":{"m_AlwaysRefresh":false,"showFog":true,"showSkybox":true,"showFlares":true,"showImageEffects":true,"showParticleSystems":true,"showVisualEffectGraphs":true,"m_FxEnabled":true},"in2DMode":false,"pivot":{"x":-51.90645217895508,"y":-24.949899673461915,"z":-21.899063110351564},"rotation":{"x":0.06183534860610962,"y":0.3155795633792877,"z":-0.02120290696620941,"w":0.9468302726745606},"size":1.7320507764816285,"orthographic":false}